Name,Basketball-Reference URL
Chris Bosh,https://www.basketball-reference.com/players/b/boshch01.html
Kyle Lowry,https://www.basketball-reference.com/players/l/lowryky01.html
Gail Goodrich,https://www.basketball-reference.com/players/g/goodrga01.html
Al Horford,https://www.basketball-reference.com/players/h/horfoal01.html
Larry Kenon,https://www.basketball-reference.com/players/k/kenonla01.html
Rudy LaRusso,https://www.basketball-reference.com/players/l/larusru01.html
Donovan Mitchell,https://www.basketball-reference.com/players/m/mitchdo01.html
John Wall,https://www.basketball-reference.com/players/w/walljo01.html
Otis Birdsong,https://www.basketball-reference.com/players/b/birdsot01.html
Joe Caldwell,https://www.basketball-reference.com/players/c/caldwjo01.html
Maurice Cheeks,https://www.basketball-reference.com/players/c/cheekma01.html
Bob Dandridge,https://www.basketball-reference.com/players/d/dandrbo01.html
Johnny Green,https://www.basketball-reference.com/players/g/greenjo01.html
Warren Jabali,https://www.basketball-reference.com/players/j/jabalwa01.html
Paul Millsap,https://www.basketball-reference.com/players/m/millspa01.html
Bob Netolicky,https://www.basketball-reference.com/players/n/netolbo01.html
Billy Paultz,https://www.basketball-reference.com/players/p/paultbi01.html
Alvin Robertson,https://www.basketball-reference.com/players/r/roberal01.html
Rajon Rondo,https://www.basketball-reference.com/players/r/rondora01.html
Rasheed Wallace,https://www.basketball-reference.com/players/w/wallara01.html
Paul George,https://www.basketball-reference.com/players/g/georgpa01.html
Kyrie Irving,https://www.basketball-reference.com/players/i/irvinky01.html
Vince Carter,https://www.basketball-reference.com/players/c/cartevi01.html
Tom Chambers,https://www.basketball-reference.com/players/c/chambto01.html
Ben Wallace,https://www.basketball-reference.com/players/w/wallabe01.html
Kareem Abdul-Jabbar,https://www.basketball-reference.com/players/a/abdulka01.html
Rick Barry,https://www.basketball-reference.com/players/b/barryri01.html
Wilt Chamberlain,https://www.basketball-reference.com/players/c/chambwi01.html
Anthony Davis,https://www.basketball-reference.com/players/d/davisan02.html
Kevin Durant,https://www.basketball-reference.com/players/d/duranke01.html
LeBron James,https://www.basketball-reference.com/players/j/jamesle01.html
Kawhi Leonard,https://www.basketball-reference.com/players/l/leonaka01.html
Damian Lillard,https://www.basketball-reference.com/players/l/lillada01.html
Karl Malone,https://www.basketball-reference.com/players/m/malonka01.html
Chris Paul,https://www.basketball-reference.com/players/p/paulch01.html
Dennis Rodman,https://www.basketball-reference.com/players/r/rodmade01.html
Bill Walton,https://www.basketball-reference.com/players/w/waltobi01.html
Joe Johnson,https://www.basketball-reference.com/players/j/johnsjo02.html
Tracy McGrady,https://www.basketball-reference.com/players/m/mcgratr01.html
LaMarcus Aldridge,https://www.basketball-reference.com/players/a/aldrila01.html
Jimmy Butler,https://www.basketball-reference.com/players/b/butleji01.html
Blake Griffin,https://www.basketball-reference.com/players/g/griffbl01.html
Grant Hill,https://www.basketball-reference.com/players/h/hillgr01.html
Sidney Moncrief,https://www.basketball-reference.com/players/m/moncrsi01.html
Mitch Richmond,https://www.basketball-reference.com/players/r/richmmi01.html
Amar'e Stoudemire,https://www.basketball-reference.com/players/s/stoudam01.html
Chris Webber,https://www.basketball-reference.com/players/w/webbech01.html
Mark Price,https://www.basketball-reference.com/players/p/pricema01.html
Paul Westphal,https://www.basketball-reference.com/players/w/westppa01.html
Gilbert Arenas,https://www.basketball-reference.com/players/a/arenagi01.html
Alex English,https://www.basketball-reference.com/players/e/englial01.html
David Thompson,https://www.basketball-reference.com/players/t/thompda01.html
Tiny Archibald,https://www.basketball-reference.com/players/a/architi01.html
Dave Bing,https://www.basketball-reference.com/players/b/bingda01.html
George Gervin,https://www.basketball-reference.com/players/g/gervige01.html
James Harden,https://www.basketball-reference.com/players/h/hardeja01.html
Shaquille O'Neal,https://www.basketball-reference.com/players/o/onealsh01.html
Robert Parish,https://www.basketball-reference.com/players/p/parisro01.html
Mack Calvin,https://www.basketball-reference.com/players/c/calvima01.html
Louie Dampier,https://www.basketball-reference.com/players/d/dampilo01.html
Donnie Freeman,https://www.basketball-reference.com/players/f/freemdo01.html
Pau Gasol,https://www.basketball-reference.com/players/g/gasolpa01.html
Gus Johnson,https://www.basketball-reference.com/players/j/johnsgu01.html
Bernard King,https://www.basketball-reference.com/players/k/kingbe01.html
Jim Pollard,https://www.basketball-reference.com/players/p/pollaji01.html
Roger Brown,https://www.basketball-reference.com/players/b/brownro01.html
DeMar DeRozan,https://www.basketball-reference.com/players/d/derozde01.html
Marques Johnson,https://www.basketball-reference.com/players/j/johnsma01.html
Jimmy Jones,https://www.basketball-reference.com/players/j/jonesji01.html
Larry Jones,https://www.basketball-reference.com/players/j/jonesla01.html
DeAndre Jordan,https://www.basketball-reference.com/players/j/jordade01.html
Shawn Kemp,https://www.basketball-reference.com/players/k/kempsh01.html
Jermaine O'Neal,https://www.basketball-reference.com/players/o/onealje01.html
John Beasley,https://www.basketball-reference.com/players/b/beasljo01.html
Zelmo Beaty,https://www.basketball-reference.com/players/b/beatyze01.html
Carl Braun,https://www.basketball-reference.com/players/b/braunca01.html
Derrick Coleman,https://www.basketball-reference.com/players/c/colemde01.html
DeMarcus Cousins,https://www.basketball-reference.com/players/c/couside01.html
Terry Cummings,https://www.basketball-reference.com/players/c/cummite01.html
Walter Davis,https://www.basketball-reference.com/players/d/daviswa03.html
Harry Gallatin,https://www.basketball-reference.com/players/g/gallaha01.html
Marc Gasol,https://www.basketball-reference.com/players/g/gasolma01.html
Cliff Hagan,https://www.basketball-reference.com/players/h/hagancl01.html
Kevin Love,https://www.basketball-reference.com/players/l/loveke01.html
Stephon Marbury,https://www.basketball-reference.com/players/m/marbust01.html
Alonzo Mourning,https://www.basketball-reference.com/players/m/mournal01.html
Swen Nater,https://www.basketball-reference.com/players/n/natersw01.html
Julius Randle,https://www.basketball-reference.com/players/r/randlju01.html
Glen Rice,https://www.basketball-reference.com/players/r/ricegl01.html
Red Robbins,https://www.basketball-reference.com/players/r/robbire01.html
Paul Seymour,https://www.basketball-reference.com/players/s/seymopa01.html
James Silas,https://www.basketball-reference.com/players/s/silasja01.html
Deron Williams,https://www.basketball-reference.com/players/w/willide01.html
Gus Williams,https://www.basketball-reference.com/players/w/willigu01.html
Willie Wise,https://www.basketball-reference.com/players/w/wisewi01.html
Mel Daniels,https://www.basketball-reference.com/players/d/danieme01.html
Connie Hawkins,https://www.basketball-reference.com/players/h/hawkico01.html
Spencer Haywood,https://www.basketball-reference.com/players/h/haywosp01.html
George McGinnis,https://www.basketball-reference.com/players/m/mcginge01.html
Derrick Rose,https://www.basketball-reference.com/players/r/rosede01.html
Chauncey Billups,https://www.basketball-reference.com/players/b/billuch01.html
Andre Iguodala,https://www.basketball-reference.com/players/i/iguodan01.html
Tony Parker,https://www.basketball-reference.com/players/p/parketo01.html
Dikembe Mutombo,https://www.basketball-reference.com/players/m/mutomdi01.html
Dwight Howard,https://www.basketball-reference.com/players/h/howardw01.html
Ray Allen,https://www.basketball-reference.com/players/a/allenra02.html
Carmelo Anthony,https://www.basketball-reference.com/players/a/anthoca01.html
Billy Cunningham,https://www.basketball-reference.com/players/c/cunnibi01.html
Clyde Drexler,https://www.basketball-reference.com/players/d/drexlcl01.html
Julius Erving,https://www.basketball-reference.com/players/e/ervinju01.html
Patrick Ewing,https://www.basketball-reference.com/players/e/ewingpa01.html
Kevin Garnett,https://www.basketball-reference.com/players/g/garneke01.html
Elvin Hayes,https://www.basketball-reference.com/players/h/hayesel01.html
Allen Iverson,https://www.basketball-reference.com/players/i/iversal01.html
Jason Kidd,https://www.basketball-reference.com/players/k/kiddja01.html
Moses Malone,https://www.basketball-reference.com/players/m/malonmo01.html
Bob McAdoo,https://www.basketball-reference.com/players/m/mcadobo01.html
Steve Nash,https://www.basketball-reference.com/players/n/nashst01.html
Gary Payton,https://www.basketball-reference.com/players/p/paytoga01.html
Paul Pierce,https://www.basketball-reference.com/players/p/piercpa01.html
Scottie Pippen,https://www.basketball-reference.com/players/p/pippesc01.html
Dwyane Wade,https://www.basketball-reference.com/players/w/wadedw01.html
Russell Westbrook,https://www.basketball-reference.com/players/w/westbru01.html
Dominique Wilkins,https://www.basketball-reference.com/players/w/wilkido01.html
